{
  "version": 1,
  "author": "nadia",
  "editor": "wokwi",
  "parts": [
    { "type": "board-esp32-devkit-c-v4", "id": "esp", "top": 0, "left": 0, "attrs": {} },
    { "type": "wokwi-led", "id": "led1", "top": 15.6, "left": -92.2, "attrs": { "color": "red" } },
    {
      "type": "wokwi-led",
      "id": "led2",
      "top": 63.6,
      "left": -140.2,
      "attrs": { "color": "yellow" }
    },
    {
      "type": "wokwi-led",
      "id": "led3",
      "top": -13.2,
      "left": -178.6,
      "attrs": { "color": "green" }
    }
  ],
  "connections": [
    [ "esp:TX", "$serialMonitor:RX", "", [] ],
    [ "esp:RX", "$serialMonitor:TX", "", [] ],
    [ "led1:A", "esp:33", "green", [ "v38.4", "h67.2" ] ],
    [ "led1:C", "esp:GND.1", "green", [ "v96", "h77.2" ] ],
    [ "led2:A", "esp:25", "green", [ "v0", "h115.2" ] ],
    [ "led2:C", "esp:GND.1", "green", [ "v48", "h125.2" ] ],
    [ "led3:A", "esp:26", "green", [ "v96", "h115.2" ] ],
    [ "led3:C", "esp:GND.1", "green", [ "v134.4", "h134.8" ] ]
  ],
  "dependencies": {}
}